X^2,Mi,אחוז צפוי,אחוז נצפה,Xi,
1.00277,5.625,6.25%,8.89%,8,0 נקבות
0.9,22.5,25%,30%,27,1 נקבות
5.60185,33.75,37.50%,22.22%,20,2 נקבות
0.27777,22.5,25%,27.78%,25,3 נקבות
3.40277,5.625,6.25%,11.11%,10,4 נקבות 
11.1852,90,100%,100%,90,"סה""כ"
